{
  "one_time": true,
  "buttons": [
    [
      {
        "action": {
          "type": "text",
          "label": "Добавить напоминание"
        },
        "color": "positive"
      }
    ],
    [
      {
        "action": {
          "type": "text",
          "label": "Удалить напоминание"
        },
        "color": "negative"
      }
    ],
    [
      {
        "action": {
          "type": "text",
          "label": "Отмена"
        },
        "color": "negative"
      }
    ]
  ]
}
