{
  "one_time": true,
  "buttons": [
    [
      {
        "action": {
          "type": "text",
          "label": "Поиграть"
        },
        "color": "positive"
      }
    ],
    [
      {
        "action": {
          "type": "text",
          "label": "Редактировать уведомления"
        },
        "color": "positive"
      }
    ],
    [
      {
        "action": {
          "type": "text",
          "label": "Завершить сеанс"
        },
        "color": "negative"
      }
    ]
  ]
}
